"","nb_clients","nb_acte_achat","montant_total","marge_total","quantite_total"
"1",770163,6713822,338929018.750003,144096050.780001,45386963.1809999
